State FIPS Code,County FIPS Code,Postal Code,Median Household Income
00,000,US,"52,250"
01,000,AL,"42,882"
01,001,AL,"51,868"
01,003,AL,"47,539"
01,005,AL,"30,981"
01,007,AL,"39,781"
01,009,AL,"44,392"
01,011,AL,"25,937"
01,013,AL,"31,041"
01,015,AL,"37,898"
01,017,AL,"33,883"
01,019,AL,"37,478"
01,021,AL,"41,348"
01,023,AL,"33,581"
01,025,AL,"34,593"
01,027,AL,"33,344"
01,029,AL,"40,407"
01,031,AL,"44,666"
01,033,AL,"40,032"
01,035,AL,"27,196"
01,037,AL,"35,175"
01,039,AL,"35,187"
01,041,AL,"34,105"
01,043,AL,"40,142"
01,045,AL,"41,805"
01,047,AL,"27,524"
01,049,AL,"36,713"
01,051,AL,"51,650"
01,053,AL,"33,455"
01,055,AL,"38,587"
01,057,AL,"35,661"
01,059,AL,"33,332"
01,061,AL,"35,378"
01,063,AL,"25,864"
01,065,AL,"33,597"
01,067,AL,"41,590"
01,069,AL,"39,636"
01,071,AL,"37,204"
01,073,AL,"45,024"
01,075,AL,"36,475"
01,077,AL,"43,586"
01,079,AL,"40,713"
01,081,AL,"44,647"
01,083,AL,"50,148"
01,085,AL,"29,734"
01,087,AL,"29,228"
01,089,AL,"58,258"
01,091,AL,"33,749"
01,093,AL,"34,162"
01,095,AL,"38,399"
01,097,AL,"42,278"
01,099,AL,"32,696"
01,101,AL,"44,013"
01,103,AL,"44,079"
01,105,AL,"25,461"
01,107,AL,"32,314"
01,109,AL,"35,944"
01,111,AL,"35,121"
01,113,AL,"35,762"
01,115,AL,"52,437"
01,117,AL,"68,718"
01,119,AL,"24,504"
01,121,AL,"38,505"
01,123,AL,"37,747"
01,125,AL,"45,959"
01,127,AL,"37,193"
01,129,AL,"41,115"
01,131,AL,"23,184"
01,133,AL,"33,578"
02,000,AK,"70,058"
02,013,AK,"56,856"
02,016,AK,"74,088"
02,020,AK,"76,362"
02,050,AK,"42,876"
02,060,AK,"65,283"
02,068,AK,"68,103"
02,070,AK,"47,930"
02,090,AK,"67,204"
02,100,AK,"55,295"
02,105,AK,"42,276"
02,110,AK,"83,642"
02,122,AK,"61,629"
02,130,AK,"62,619"
02,150,AK,"64,782"
02,164,AK,"43,936"
02,170,AK,"72,371"
02,180,AK,"46,471"
02,185,AK,"74,174"
02,188,AK,"54,600"
02,195,AK,"58,176"
02,198,AK,"48,175"
02,220,AK,"66,038"
02,230,AK,"63,930"
02,240,AK,"54,922"
02,261,AK,"63,541"
02,270,AK,"31,274"
02,275,AK,"49,039"
02,282,AK,"56,365"
02,290,AK,"35,114"
04,000,AZ,"48,504"
04,001,AZ,"30,252"
04,003,AZ,"45,294"
04,005,AZ,"48,732"
04,007,AZ,"39,868"
04,009,AZ,"43,497"
04,011,AZ,"54,673"
04,012,AZ,"33,994"
04,013,AZ,"52,066"
04,015,AZ,"38,560"
04,017,AZ,"37,182"
04,019,AZ,"43,926"
04,021,AZ,"49,887"
04,023,AZ,"35,753"
04,025,AZ,"40,486"
04,027,AZ,"40,498"
05,000,AR,"40,605"
05,001,AR,"38,497"
05,003,AR,"36,479"
05,005,AR,"36,082"
05,007,AR,"56,518"
05,009,AR,"38,410"
05,011,AR,"31,733"
05,013,AR,"37,497"
05,015,AR,"34,109"
05,017,AR,"28,006"
05,019,AR,"36,517"
05,021,AR,"33,488"
05,023,AR,"41,612"
05,025,AR,"42,414"
05,027,AR,"36,927"
05,029,AR,"38,145"
05,031,AR,"41,608"
05,033,AR,"39,384"
05,035,AR,"37,726"
05,037,AR,"35,438"
05,039,AR,"32,591"
05,041,AR,"30,241"
05,043,AR,"35,249"
05,045,AR,"49,936"
05,047,AR,"38,874"
05,049,AR,"33,439"
05,051,AR,"39,057"
05,053,AR,"47,089"
05,055,AR,"40,840"
05,057,AR,"33,715"
05,059,AR,"39,927"
05,061,AR,"32,740"
05,063,AR,"37,761"
05,065,AR,"33,308"
05,067,AR,"32,923"
05,069,AR,"36,169"
05,071,AR,"33,634"
05,073,AR,"30,642"
05,075,AR,"34,740"
05,077,AR,"27,068"
05,079,AR,"36,062"
05,081,AR,"36,310"
05,083,AR,"34,090"
05,085,AR,"55,648"
05,087,AR,"36,358"
05,089,AR,"34,217"
05,091,AR,"40,005"
05,093,AR,"34,285"
05,095,AR,"29,870"
05,097,AR,"31,763"
05,099,AR,"33,341"
05,101,AR,"31,824"
05,103,AR,"35,006"
05,105,AR,"42,328"
05,107,AR,"25,894"
05,109,AR,"35,592"
05,111,AR,"34,113"
05,113,AR,"31,818"
05,115,AR,"39,704"
05,117,AR,"38,921"
05,119,AR,"46,526"
05,121,AR,"33,148"
05,123,AR,"29,011"
05,125,AR,"54,921"
05,127,AR,"32,404"
05,129,AR,"27,299"
05,131,AR,"41,685"
05,133,AR,"33,698"
05,135,AR,"31,224"
05,137,AR,"27,522"
05,139,AR,"38,132"
05,141,AR,"35,111"
05,143,AR,"43,302"
05,145,AR,"43,363"
05,147,AR,"29,159"
05,149,AR,"34,679"
06,000,CA,"60,185"
06,001,CA,"72,128"
06,003,CA,"49,392"
06,005,CA,"52,357"
06,007,CA,"42,395"
06,009,CA,"52,598"
06,011,CA,"48,897"
06,013,CA,"78,909"
06,015,CA,"38,663"
06,017,CA,"63,002"
06,019,CA,"43,741"
06,021,CA,"42,129"
06,023,CA,"40,882"
06,025,CA,"40,106"
06,027,CA,"45,784"
06,029,CA,"46,688"
06,031,CA,"45,794"
06,033,CA,"36,973"
06,035,CA,"50,487"
06,037,CA,"54,443"
06,039,CA,"41,223"
06,041,CA,"94,347"
06,043,CA,"45,251"
06,045,CA,"42,001"
06,047,CA,"41,003"
06,049,CA,"37,055"
06,051,CA,"55,107"
06,053,CA,"55,411"
06,055,CA,"68,619"
06,057,CA,"55,246"
06,059,CA,"73,827"
06,061,CA,"73,643"
06,063,CA,"47,645"
06,065,CA,"53,909"
06,067,CA,"52,980"
06,069,CA,"66,780"
06,071,CA,"52,112"
06,073,CA,"61,365"
06,075,CA,"76,933"
06,077,CA,"51,219"
06,079,CA,"57,743"
06,081,CA,"91,061"
06,083,CA,"60,803"
06,085,CA,"91,843"
06,087,CA,"65,282"
06,089,CA,"41,236"
06,091,CA,"46,449"
06,093,CA,"37,108"
06,095,CA,"63,398"
06,097,CA,"61,020"
06,099,CA,"47,808"
06,101,CA,"47,903"
06,103,CA,"43,459"
06,105,CA,"35,708"
06,107,CA,"39,657"
06,109,CA,"50,774"
06,111,CA,"76,513"
06,113,CA,"55,011"
06,115,CA,"41,824"
08,000,CO,"58,942"
08,001,CO,"54,876"
08,003,CO,"37,484"
08,005,CO,"61,092"
08,007,CO,"44,417"
08,009,CO,"35,787"
08,011,CO,"34,440"
08,013,CO,"71,405"
08,014,CO,"79,117"
08,015,CO,"48,012"
08,017,CO,"50,379"
08,019,CO,"63,489"
08,021,CO,"34,923"
08,023,CO,"28,233"
08,025,CO,"31,477"
08,027,CO,"47,268"
08,029,CO,"41,730"
08,031,CO,"51,156"
08,033,CO,"42,416"
08,035,CO,"105,192"
08,037,CO,"78,517"
08,039,CO,"80,972"
08,041,CO,"57,072"
08,043,CO,"41,412"
08,045,CO,"57,364"
08,047,CO,"64,962"
08,049,CO,"57,312"
08,051,CO,"48,391"
08,053,CO,"52,188"
08,055,CO,"32,418"
08,057,CO,"43,549"
08,059,CO,"68,161"
08,061,CO,"42,378"
08,063,CO,"39,633"
08,065,CO,"47,547"
08,067,CO,"58,675"
08,069,CO,"59,337"
08,071,CO,"38,547"
08,073,CO,"41,510"
08,075,CO,"43,561"
08,077,CO,"48,108"
08,079,CO,"50,286"
08,081,CO,"58,890"
08,083,CO,"43,655"
08,085,CO,"43,946"
08,087,CO,"46,332"
08,089,CO,"36,811"
08,091,CO,"58,137"
08,093,CO,"57,510"
08,095,CO,"46,805"
08,097,CO,"71,012"
08,099,CO,"38,830"
08,101,CO,"41,352"
08,103,CO,"59,364"
08,105,CO,"39,834"
08,107,CO,"63,763"
08,109,CO,"35,310"
08,111,CO,"41,683"
08,113,CO,"53,674"
08,115,CO,"39,980"
08,117,CO,"63,236"
08,119,CO,"62,725"
08,121,CO,"45,572"
08,123,CO,"58,404"
08,125,CO,"45,487"
09,000,CT,"67,262"
09,001,CT,"81,816"
09,003,CT,"63,491"
09,005,CT,"70,519"
09,007,CT,"75,335"
09,009,CT,"58,672"
09,011,CT,"62,638"
09,013,CT,"73,660"
09,015,CT,"55,948"
10,000,DE,"58,244"
10,001,DE,"53,811"
10,003,DE,"63,033"
10,005,DE,"50,207"
11,000,DC,"66,326"
11,001,DC,"66,326"
12,000,FL,"46,021"
12,001,FL,"39,614"
12,003,FL,"46,505"
12,005,FL,"45,249"
12,007,FL,"40,668"
12,009,FL,"46,677"
12,011,FL,"50,343"
12,013,FL,"33,977"
12,015,FL,"43,611"
12,017,FL,"39,285"
12,019,FL,"57,991"
12,021,FL,"55,584"
12,023,FL,"41,722"
12,027,FL,"33,198"
12,029,FL,"31,649"
12,031,FL,"47,876"
12,033,FL,"42,742"
12,035,FL,"47,872"
12,037,FL,"33,471"
12,039,FL,"34,348"
12,041,FL,"39,854"
12,043,FL,"39,003"
12,045,FL,"38,880"
12,047,FL,"33,836"
12,049,FL,"34,884"
12,051,FL,"37,085"
12,053,FL,"39,280"
12,055,FL,"34,054"
12,057,FL,"49,510"
12,059,FL,"33,220"
12,061,FL,"44,326"
12,063,FL,"36,332"
12,065,FL,"39,494"
12,067,FL,"37,120"
12,069,FL,"44,244"
12,071,FL,"46,605"
12,073,FL,"46,975"
12,075,FL,"33,193"
12,077,FL,"36,561"
12,079,FL,"30,391"
12,081,FL,"48,066"
12,083,FL,"38,783"
12,085,FL,"51,159"
12,086,FL,"41,840"
12,087,FL,"50,380"
12,089,FL,"56,987"
12,091,FL,"54,265"
12,093,FL,"35,954"
12,095,FL,"46,675"
12,097,FL,"41,592"
12,099,FL,"51,768"
12,101,FL,"45,454"
12,103,FL,"43,773"
12,105,FL,"42,447"
12,107,FL,"32,852"
12,109,FL,"66,312"
12,111,FL,"42,825"
12,113,FL,"54,876"
12,115,FL,"48,717"
12,117,FL,"55,195"
12,119,FL,"52,670"
12,121,FL,"35,666"
12,123,FL,"38,370"
12,125,FL,"40,841"
12,127,FL,"40,908"
12,129,FL,"47,430"
12,131,FL,"45,357"
12,133,FL,"35,671"
13,000,GA,"47,765"
13,001,GA,"36,915"
13,003,GA,"30,883"
13,005,GA,"33,781"
13,007,GA,"37,135"
13,009,GA,"35,815"
13,011,GA,"42,495"
13,013,GA,"54,668"
13,015,GA,"46,330"
13,017,GA,"30,090"
13,019,GA,"37,903"
13,021,GA,"36,816"
13,023,GA,"40,369"
13,025,GA,"36,758"
13,027,GA,"34,367"
13,029,GA,"66,066"
13,031,GA,"36,484"
13,033,GA,"32,675"
13,035,GA,"43,330"
13,037,GA,"30,727"
13,039,GA,"49,098"
13,043,GA,"31,427"
13,045,GA,"45,493"
13,047,GA,"50,847"
13,049,GA,"35,165"
13,051,GA,"45,254"
13,053,GA,"46,893"
13,055,GA,"34,440"
13,057,GA,"67,686"
13,059,GA,"32,864"
13,061,GA,"27,102"
13,063,GA,"40,606"
13,065,GA,"30,094"
13,067,GA,"62,866"
13,069,GA,"33,615"
13,071,GA,"33,095"
13,073,GA,"72,531"
13,075,GA,"32,327"
13,077,GA,"61,469"
13,079,GA,"43,392"
13,081,GA,"30,481"
13,083,GA,"43,446"
13,085,GA,"52,804"
13,087,GA,"34,102"
13,089,GA,"49,894"
13,091,GA,"33,893"
13,093,GA,"31,620"
13,095,GA,"31,575"
13,097,GA,"51,941"
13,099,GA,"32,357"
13,101,GA,"34,809"
13,103,GA,"61,062"
13,105,GA,"34,487"
13,107,GA,"30,348"
13,109,GA,"32,838"
13,111,GA,"35,673"
13,113,GA,"81,368"
13,115,GA,"39,381"
13,117,GA,"87,565"
13,119,GA,"40,114"
13,121,GA,"55,474"
13,123,GA,"39,323"
13,125,GA,"37,955"
13,127,GA,"43,533"
13,129,GA,"42,291"
13,131,GA,"35,212"
13,133,GA,"42,842"
13,135,GA,"59,081"
13,137,GA,"40,530"
13,139,GA,"46,986"
13,141,GA,"26,281"
13,143,GA,"39,548"
13,145,GA,"60,977"
13,147,GA,"40,225"
13,149,GA,"40,123"
13,151,GA,"60,087"
13,153,GA,"52,297"
13,155,GA,"35,854"
13,157,GA,"52,385"
13,159,GA,"42,343"
13,161,GA,"34,481"
13,163,GA,"29,152"
13,165,GA,"28,445"
13,167,GA,"29,565"
13,169,GA,"51,650"
13,171,GA,"40,915"
13,173,GA,"35,101"
13,175,GA,"33,974"
13,177,GA,"63,272"
13,179,GA,"40,175"
13,181,GA,"35,683"
13,183,GA,"41,147"
13,185,GA,"37,138"
13,187,GA,"42,919"
13,189,GA,"37,328"
13,191,GA,"36,346"
13,193,GA,"28,844"
13,195,GA,"43,611"
13,197,GA,"34,680"
13,199,GA,"34,962"
13,201,GA,"32,535"
13,205,GA,"32,280"
13,207,GA,"54,793"
13,209,GA,"37,128"
13,211,GA,"48,337"
13,213,GA,"40,343"
13,215,GA,"40,414"
13,217,GA,"50,862"
13,219,GA,"72,478"
13,221,GA,"44,026"
13,223,GA,"60,008"
13,225,GA,"42,602"
13,227,GA,"53,332"
13,229,GA,"36,214"
13,231,GA,"52,393"
13,233,GA,"38,730"
13,235,GA,"37,012"
13,237,GA,"42,934"
13,239,GA,"29,111"
13,241,GA,"38,114"
13,243,GA,"28,105"
13,245,GA,"36,069"
13,247,GA,"50,646"
13,249,GA,"38,944"
13,251,GA,"35,087"
13,253,GA,"34,814"
13,255,GA,"39,068"
13,257,GA,"36,318"
13,259,GA,"28,304"
13,261,GA,"32,474"
13,263,GA,"33,168"
13,265,GA,"28,917"
13,267,GA,"35,983"
13,269,GA,"30,538"
13,271,GA,"28,334"
13,273,GA,"31,826"
13,275,GA,"38,914"
13,277,GA,"33,902"
13,279,GA,"32,311"
13,281,GA,"39,854"
13,283,GA,"31,917"
13,285,GA,"42,044"
13,287,GA,"31,817"
13,289,GA,"36,107"
13,291,GA,"39,677"
13,293,GA,"34,709"
13,295,GA,"40,512"
13,297,GA,"54,294"
13,299,GA,"32,211"
13,301,GA,"30,967"
13,303,GA,"36,807"
13,305,GA,"38,081"
13,307,GA,"34,374"
13,309,GA,"30,779"
13,311,GA,"41,337"
13,313,GA,"39,946"
13,315,GA,"33,308"
13,317,GA,"33,662"
13,319,GA,"35,745"
13,321,GA,"36,616"
15,000,HI,"67,798"
15,001,HI,"47,377"
15,003,HI,"72,649"
15,005,HI,.
15,007,HI,"55,844"
15,009,HI,"62,277"
16,000,ID,"46,621"
16,001,ID,"53,420"
16,003,ID,"37,630"
16,005,ID,"42,665"
16,007,ID,"45,589"
16,009,ID,"39,530"
16,011,ID,"47,721"
16,013,ID,"67,936"
16,015,ID,"48,974"
16,017,ID,"41,797"
16,019,ID,"50,559"
16,021,ID,"39,681"
16,023,ID,"41,739"
16,025,ID,"47,911"
16,027,ID,"42,237"
16,029,ID,"54,579"
16,031,ID,"44,160"
16,033,ID,"42,940"
16,035,ID,"40,068"
16,037,ID,"41,522"
16,039,ID,"42,680"
16,041,ID,"44,790"
16,043,ID,"44,130"
16,045,ID,"44,173"
16,047,ID,"41,310"
16,049,ID,"39,434"
16,051,ID,"52,950"
16,053,ID,"41,595"
16,055,ID,"51,681"
16,057,ID,"43,699"
16,059,ID,"38,367"
16,061,ID,"41,190"
16,063,ID,"42,625"
16,065,ID,"37,142"
16,067,ID,"41,968"
16,069,ID,"46,753"
16,071,ID,"45,040"
16,073,ID,"35,017"
16,075,ID,"43,642"
16,077,ID,"44,450"
16,079,ID,"37,431"
16,081,ID,"52,650"
16,083,ID,"44,602"
16,085,ID,"48,879"
16,087,ID,"37,539"
17,000,IL,"56,212"
17,001,IL,"43,604"
17,003,IL,"30,141"
17,005,IL,"48,464"
17,007,IL,"59,537"
17,009,IL,"46,522"
17,011,IL,"49,062"
17,013,IL,"48,504"
17,015,IL,"43,643"
17,017,IL,"45,257"
17,019,IL,"46,917"
17,021,IL,"49,391"
17,023,IL,"46,287"
17,025,IL,"42,369"
17,027,IL,"61,843"
17,029,IL,"39,353"
17,031,IL,"53,795"
17,033,IL,"47,517"
17,035,IL,"47,382"
17,037,IL,"54,204"
17,039,IL,"53,303"
17,041,IL,"49,179"
17,043,IL,"76,269"
17,045,IL,"44,433"
17,047,IL,"45,675"
17,049,IL,"50,900"
17,051,IL,"43,014"
17,053,IL,"52,375"
17,055,IL,"35,681"
17,057,IL,"46,342"
17,059,IL,"40,349"
17,061,IL,"41,588"
17,063,IL,"68,474"
17,065,IL,"42,330"
17,067,IL,"47,965"
17,069,IL,"36,567"
17,071,IL,"45,022"
17,073,IL,"52,117"
17,075,IL,"46,977"
17,077,IL,"34,243"
17,079,IL,"52,187"
17,081,IL,"40,663"
17,083,IL,"54,331"
17,085,IL,"49,573"
17,087,IL,"39,965"
17,089,IL,"71,444"
17,091,IL,"49,584"
17,093,IL,"79,648"
17,095,IL,"39,494"
17,097,IL,"75,106"
17,099,IL,"49,487"
17,101,IL,"39,670"
17,103,IL,"53,126"
17,105,IL,"52,819"
17,107,IL,"50,991"
17,109,IL,"41,661"
17,111,IL,"75,713"
17,113,IL,"62,261"
17,115,IL,"46,179"
17,117,IL,"50,089"
17,119,IL,"53,864"
17,121,IL,"40,969"
17,123,IL,"50,899"
17,125,IL,"45,563"
17,127,IL,"41,373"
17,129,IL,"60,151"
17,131,IL,"53,626"
17,133,IL,"71,604"
17,135,IL,"42,614"
17,137,IL,"48,223"
17,139,IL,"47,645"
17,141,IL,"51,334"
17,143,IL,"49,827"
17,145,IL,"41,931"
17,147,IL,"66,279"
17,149,IL,"39,430"
17,151,IL,"38,676"
17,153,IL,"34,828"
17,155,IL,"58,438"
17,157,IL,"44,991"
17,159,IL,"41,985"
17,161,IL,"48,160"
17,163,IL,"48,343"
17,165,IL,"39,281"
17,167,IL,"55,255"
17,169,IL,"49,808"
17,171,IL,"46,004"
17,173,IL,"50,569"
17,175,IL,"52,428"
17,177,IL,"42,897"
17,179,IL,"57,544"
17,181,IL,"42,799"
17,183,IL,"44,085"
17,185,IL,"47,351"
17,187,IL,"45,770"
17,189,IL,"53,967"
17,191,IL,"42,896"
17,193,IL,"42,621"
17,195,IL,"50,489"
17,197,IL,"74,669"
17,199,IL,"44,041"
17,201,IL,"47,214"
17,203,IL,"67,036"
18,000,IN,"47,508"
18,001,IN,"48,001"
18,003,IN,"45,587"
18,005,IN,"54,341"
18,007,IN,"49,318"
18,009,IN,"39,373"
18,011,IN,"68,047"
18,013,IN,"51,074"
18,015,IN,"52,587"
18,017,IN,"41,611"
18,019,IN,"50,296"
18,021,IN,"47,030"
18,023,IN,"47,279"
18,025,IN,"38,014"
18,027,IN,"45,578"
18,029,IN,"55,077"
18,031,IN,"47,666"
18,033,IN,"50,279"
18,035,IN,"37,116"
18,037,IN,"55,606"
18,039,IN,"46,123"
18,041,IN,"40,212"
18,043,IN,"55,844"
18,045,IN,"42,732"
18,047,IN,"53,538"
18,049,IN,"44,337"
18,051,IN,"48,579"
18,053,IN,"39,325"
18,055,IN,"43,786"
18,057,IN,"84,022"
18,059,IN,"67,738"
18,061,IN,"50,321"
18,063,IN,"68,575"
18,065,IN,"42,133"
18,067,IN,"45,211"
18,069,IN,"44,828"
18,071,IN,"49,614"
18,073,IN,"53,757"
18,075,IN,"41,847"
18,077,IN,"44,569"
18,079,IN,"44,554"
18,081,IN,"58,936"
18,083,IN,"44,091"
18,085,IN,"51,603"
18,087,IN,"51,810"
18,089,IN,"48,341"
18,091,IN,"46,610"
18,093,IN,"44,435"
18,095,IN,"41,117"
18,097,IN,"41,478"
18,099,IN,"45,855"
18,101,IN,"46,839"
18,103,IN,"43,694"
18,105,IN,"42,404"
18,107,IN,"50,889"
18,109,IN,"56,491"
18,111,IN,"53,715"
18,113,IN,"48,789"
18,115,IN,"50,518"
18,117,IN,"39,411"
18,119,IN,"42,994"
18,121,IN,"41,964"
18,123,IN,"45,722"
18,125,IN,"45,679"
18,127,IN,"64,530"
18,129,IN,"58,477"
18,131,IN,"44,821"
18,133,IN,"51,052"
18,135,IN,"41,057"
18,137,IN,"47,495"
18,139,IN,"46,910"
18,141,IN,"40,978"
18,143,IN,"43,650"
18,145,IN,"49,657"
18,147,IN,"50,533"
18,149,IN,"39,552"
18,151,IN,"46,275"
18,153,IN,"41,978"
18,155,IN,"43,243"
18,157,IN,"47,808"
18,159,IN,"53,185"
18,161,IN,"45,411"
18,163,IN,"42,014"
18,165,IN,"40,813"
18,167,IN,"39,014"
18,169,IN,"45,833"
18,171,IN,"53,623"
18,173,IN,"61,820"
18,175,IN,"43,981"
18,177,IN,"36,623"
18,179,IN,"49,452"
18,181,IN,"48,581"
18,183,IN,"52,673"
19,000,IA,"52,286"
19,001,IA,"47,905"
19,003,IA,"44,004"
19,005,IA,"44,673"
19,007,IA,"37,683"
19,009,IA,"47,227"
19,011,IA,"59,179"
19,013,IA,"46,281"
19,015,IA,"52,578"
19,017,IA,"61,665"
19,019,IA,"54,383"
19,021,IA,"47,514"
19,023,IA,"53,920"
19,025,IA,"47,351"
19,027,IA,"51,328"
19,029,IA,"45,191"
19,031,IA,"58,530"
19,033,IA,"46,063"
19,035,IA,"51,655"
19,037,IA,"50,342"
19,039,IA,"42,776"
19,041,IA,"51,399"
19,043,IA,"48,626"
19,045,IA,"49,702"
19,047,IA,"48,555"
19,049,IA,"79,309"
19,051,IA,"44,477"
19,053,IA,"37,534"
19,055,IA,"54,587"
19,057,IA,"42,882"
19,059,IA,"58,610"
19,061,IA,"51,907"
19,063,IA,"46,892"
19,065,IA,"44,739"
19,067,IA,"48,964"
19,069,IA,"47,879"
19,071,IA,"50,934"
19,073,IA,"47,936"
19,075,IA,"61,381"
19,077,IA,"53,708"
19,079,IA,"50,867"
19,081,IA,"54,835"
19,083,IA,"51,907"
19,085,IA,"53,764"
19,087,IA,"50,084"
19,089,IA,"45,975"
19,091,IA,"52,286"
19,093,IA,"51,948"
19,095,IA,"58,028"
19,097,IA,"46,180"
19,099,IA,"55,492"
19,101,IA,"41,942"
19,103,IA,"53,204"
19,105,IA,"54,749"
19,107,IA,"47,626"
19,109,IA,"55,972"
19,111,IA,"45,307"
19,113,IA,"56,503"
19,115,IA,"51,387"
19,117,IA,"41,011"
19,119,IA,"60,548"
19,121,IA,"59,074"
19,123,IA,"48,978"
19,125,IA,"56,883"
19,127,IA,"51,382"
19,129,IA,"56,504"
19,131,IA,"53,049"
19,133,IA,"41,461"
19,135,IA,"49,012"
19,137,IA,"44,669"
19,139,IA,"54,025"
19,141,IA,"57,287"
19,143,IA,"51,017"
19,145,IA,"47,438"
19,147,IA,"49,536"
19,149,IA,"58,113"
19,151,IA,"50,401"
19,153,IA,"59,388"
19,155,IA,"50,570"
19,157,IA,"50,799"
19,159,IA,"47,319"
19,161,IA,"51,399"
19,163,IA,"54,444"
19,165,IA,"54,740"
19,167,IA,"61,817"
19,169,IA,"53,782"
19,171,IA,"53,844"
19,173,IA,"45,009"
19,175,IA,"43,357"
19,177,IA,"43,019"
19,179,IA,"40,629"
19,181,IA,"66,328"
19,183,IA,"54,480"
19,185,IA,"38,981"
19,187,IA,"45,202"
19,189,IA,"50,383"
19,191,IA,"53,194"
19,193,IA,"45,678"
19,195,IA,"49,605"
19,197,IA,"49,369"
20,000,KS,"50,892"
20,001,KS,"40,073"
20,003,KS,"42,386"
20,005,KS,"44,180"
20,007,KS,"50,097"
20,009,KS,"42,464"
20,011,KS,"35,990"
20,013,KS,"41,426"
20,015,KS,"56,456"
20,017,KS,"44,300"
20,019,KS,"38,973"
20,021,KS,"40,310"
20,023,KS,"39,317"
20,025,KS,"42,866"
20,027,KS,"48,178"
20,029,KS,"40,663"
20,031,KS,"53,487"
20,033,KS,"44,076"
20,035,KS,"42,341"
20,037,KS,"36,958"
20,039,KS,"37,789"
20,041,KS,"49,033"
20,043,KS,"46,338"
20,045,KS,"51,221"
20,047,KS,"45,687"
20,049,KS,"37,537"
20,051,KS,"47,454"
20,053,KS,"48,030"
20,055,KS,"46,984"
20,057,KS,"46,444"
20,059,KS,"48,297"
20,061,KS,"41,048"
20,063,KS,"48,042"
20,065,KS,"44,422"
20,067,KS,"54,952"
20,069,KS,"56,615"
20,071,KS,"50,637"
20,073,KS,"35,803"
20,075,KS,"42,263"
20,077,KS,"43,066"
20,079,KS,"54,135"
20,081,KS,"53,076"
20,083,KS,"49,119"
20,085,KS,"50,661"
20,087,KS,"54,890"
20,089,KS,"41,924"
20,091,KS,"74,135"
20,093,KS,"54,399"
20,095,KS,"51,281"
20,097,KS,"45,417"
20,099,KS,"38,542"
20,101,KS,"52,915"
20,103,KS,"65,424"
20,105,KS,"42,521"
20,107,KS,"44,036"
20,109,KS,"46,375"
20,111,KS,"39,483"
20,113,KS,"52,734"
20,115,KS,"45,319"
20,117,KS,"50,087"
20,119,KS,"53,942"
20,121,KS,"59,706"
20,123,KS,"46,181"
20,125,KS,"39,045"
20,127,KS,"46,404"
20,129,KS,"51,157"
20,131,KS,"50,006"
20,133,KS,"41,877"
20,135,KS,"49,432"
20,137,KS,"42,389"
20,139,KS,"48,991"
20,141,KS,"38,493"
20,143,KS,"52,041"
20,145,KS,"45,331"
20,147,KS,"44,080"
20,149,KS,"59,856"
20,151,KS,"50,970"
20,153,KS,"45,901"
20,155,KS,"44,099"
20,157,KS,"39,819"
20,159,KS,"45,389"
20,161,KS,"46,267"
20,163,KS,"40,870"
20,165,KS,"42,867"
20,167,KS,"39,520"
20,169,KS,"48,505"
20,171,KS,"51,013"
20,173,KS,"48,671"
20,175,KS,"45,349"
20,177,KS,"50,042"
20,179,KS,"50,961"
20,181,KS,"38,025"
20,183,KS,"39,696"
20,185,KS,"42,430"
20,187,KS,"49,977"
20,189,KS,"57,483"
20,191,KS,"50,844"
20,193,KS,"47,654"
20,195,KS,"43,668"
20,197,KS,"54,414"
20,199,KS,"46,082"
20,201,KS,"43,897"
20,203,KS,"51,286"
20,205,KS,"41,073"
20,207,KS,"40,971"
20,209,KS,"38,728"
21,000,KY,"43,307"
21,001,KY,"31,710"
21,003,KY,"39,798"
21,005,KY,"52,852"
21,007,KY,"42,712"
21,009,KY,"38,370"
21,011,KY,"33,752"
21,013,KY,"25,761"
21,015,KY,"65,274"
21,017,KY,"40,045"
21,019,KY,"41,443"
21,021,KY,"43,585"
21,023,KY,"43,222"
21,025,KY,"26,869"
21,027,KY,"40,107"
21,029,KY,"57,462"
21,031,KY,"36,670"
21,033,KY,"37,317"
21,035,KY,"37,977"
21,037,KY,"53,321"
21,039,KY,"38,283"
21,041,KY,"41,792"
21,043,KY,"34,767"
21,045,KY,"29,303"
21,047,KY,"41,333"
21,049,KY,"45,516"
21,051,KY,"24,173"
21,053,KY,"27,443"
21,055,KY,"37,372"
21,057,KY,"30,043"
21,059,KY,"46,908"
21,061,KY,"36,324"
21,063,KY,"29,544"
21,065,KY,"30,388"
21,067,KY,"47,959"
21,069,KY,"35,454"
21,071,KY,"31,229"
21,073,KY,"46,309"
21,075,KY,"28,550"
21,077,KY,"44,142"
21,079,KY,"42,853"
21,081,KY,"43,861"
21,083,KY,"39,960"
21,085,KY,"32,813"
21,087,KY,"32,309"
21,089,KY,"44,581"
21,091,KY,"50,809"
21,093,KY,"48,327"
21,095,KY,"25,460"
21,097,KY,"42,228"
21,099,KY,"33,588"
21,101,KY,"42,492"
21,103,KY,"48,245"
21,105,KY,"38,733"
21,107,KY,"40,782"
21,109,KY,"28,759"
21,111,KY,"47,495"
21,113,KY,"52,011"
21,115,KY,"34,593"
21,117,KY,"53,949"
21,119,KY,"32,294"
21,121,KY,"26,220"
21,123,KY,"41,537"
21,125,KY,"35,372"
21,127,KY,"33,469"
21,129,KY,"25,767"
21,131,KY,"29,008"
21,133,KY,"31,799"
21,135,KY,"30,443"
21,137,KY,"35,092"
21,139,KY,"41,177"
21,141,KY,"39,513"
21,143,KY,"43,311"
21,145,KY,"42,069"
21,147,KY,"24,406"
21,149,KY,"38,128"
21,151,KY,"44,845"
21,153,KY,"29,817"
21,155,KY,"39,665"
21,157,KY,"44,157"
21,159,KY,"26,931"
21,161,KY,"42,329"
21,163,KY,"45,984"
21,165,KY,"30,047"
21,167,KY,"43,903"
21,169,KY,"30,899"
21,171,KY,"29,900"
21,173,KY,"41,326"
21,175,KY,"31,579"
21,177,KY,"37,048"
21,179,KY,"49,444"
21,181,KY,"37,006"
21,183,KY,"40,622"
21,185,KY,"86,580"
21,187,KY,"42,134"
21,189,KY,"22,715"
21,191,KY,"45,570"
21,193,KY,"32,300"
21,195,KY,"35,071"
21,197,KY,"31,923"
21,199,KY,"34,355"
21,201,KY,"38,101"
21,203,KY,"33,131"
21,205,KY,"37,690"
21,207,KY,"30,985"
21,209,KY,"61,906"
21,211,KY,"56,808"
21,213,KY,"39,117"
21,215,KY,"66,711"
21,217,KY,"36,599"
21,219,KY,"38,533"
21,221,KY,"43,416"
21,223,KY,"45,394"
21,225,KY,"44,595"
21,227,KY,"48,137"
21,229,KY,"42,500"
21,231,KY,"29,878"
21,233,KY,"40,881"
21,235,KY,"30,878"
21,237,KY,"25,657"
21,239,KY,"59,233"
22,000,LA,"44,234"
22,001,LA,"38,788"
22,003,LA,"38,122"
22,005,LA,"70,303"
22,007,LA,"44,749"
22,009,LA,"33,240"
22,011,LA,"46,225"
22,013,LA,"33,790"
22,015,LA,"51,899"
22,017,LA,"39,776"
22,019,LA,"43,779"
22,021,LA,"35,987"
22,023,LA,"51,709"
22,025,LA,"33,557"
22,027,LA,"34,390"
22,029,LA,"30,432"
22,031,LA,"39,403"
22,033,LA,"47,770"
22,035,LA,"26,781"
22,037,LA,"41,578"
22,039,LA,"32,130"
22,041,LA,"31,243"
22,043,LA,"41,208"
22,045,LA,"41,185"
22,047,LA,"40,449"
22,049,LA,"35,730"
22,051,LA,"46,547"
22,053,LA,"40,760"
22,055,LA,"54,978"
22,057,LA,"52,115"
22,059,LA,"42,104"
22,061,LA,"34,667"
22,063,LA,"53,118"
22,065,LA,"26,745"
22,067,LA,"28,951"
22,069,LA,"35,165"
22,071,LA,"36,240"
22,073,LA,"39,976"
22,075,LA,"51,306"
22,077,LA,"42,129"
22,079,LA,"39,411"
22,081,LA,"35,762"
22,083,LA,"32,477"
22,085,LA,"37,864"
22,087,LA,"40,705"
22,089,LA,"56,163"
22,091,LA,"34,229"
22,093,LA,"48,358"
22,095,LA,"47,389"
22,097,LA,"33,781"
22,099,LA,"42,110"
22,101,LA,"39,608"
22,103,LA,"61,655"
22,105,LA,"40,228"
22,107,LA,"28,021"
22,109,LA,"51,716"
22,111,LA,"35,825"
22,113,LA,"43,434"
22,115,LA,"42,772"
22,117,LA,"31,630"
22,119,LA,"35,762"
22,121,LA,"48,848"
22,123,LA,"34,611"
22,125,LA,"52,626"
22,127,LA,"35,674"
23,000,ME,"47,095"
23,001,ME,"44,097"
23,003,ME,"37,092"
23,005,ME,"55,020"
23,007,ME,"41,154"
23,009,ME,"44,463"
23,011,ME,"45,151"
23,013,ME,"48,352"
23,015,ME,"48,908"
23,017,ME,"38,932"
23,019,ME,"43,615"
23,021,ME,"36,553"
23,023,ME,"52,279"
23,025,ME,"38,279"
23,027,ME,"43,203"
23,029,ME,"35,754"
23,031,ME,"55,163"
24,000,MD,"72,482"
24,001,MD,"39,994"
24,003,MD,"85,685"
24,005,MD,"64,624"
24,009,MD,"91,993"
24,011,MD,"46,015"
24,013,MD,"82,073"
24,015,MD,"64,880"
24,017,MD,"87,577"
24,019,MD,"42,542"
24,021,MD,"83,489"
24,023,MD,"44,404"
24,025,MD,"77,453"
24,027,MD,"108,503"
24,029,MD,"55,695"
24,031,MD,"97,873"
24,033,MD,"71,682"
24,035,MD,"80,143"
24,037,MD,"78,274"
24,039,MD,"36,106"
24,041,MD,"57,525"
24,043,MD,"55,643"
24,045,MD,"47,536"
24,047,MD,"52,276"
24,510,MD,"41,988"
25,000,MA,"66,794"
25,001,MA,"60,685"
25,003,MA,"51,431"
25,005,MA,"53,626"
25,007,MA,"58,276"
25,009,MA,"67,235"
25,011,MA,"51,828"
25,013,MA,"48,560"
25,015,MA,"61,911"
25,017,MA,"82,118"
25,019,MA,"71,259"
25,021,MA,"83,830"
25,023,MA,"75,264"
25,025,MA,"54,164"
25,027,MA,"62,268"
26,000,MI,"48,200"
26,001,MI,"36,334"
26,003,MI,"38,821"
26,005,MI,"55,274"
26,007,MI,"38,784"
26,009,MI,"46,890"
26,011,MI,"38,201"
26,013,MI,"40,402"
26,015,MI,"51,040"
26,017,MI,"42,305"
26,019,MI,"43,145"
26,021,MI,"44,291"
26,023,MI,"43,947"
26,025,MI,"44,343"
26,027,MI,"42,875"
26,029,MI,"45,629"
26,031,MI,"37,949"
26,033,MI,"45,416"
26,035,MI,"33,605"
26,037,MI,"61,733"
26,039,MI,"37,627"
26,041,MI,"41,287"
26,043,MI,"43,290"
26,045,MI,"53,764"
26,047,MI,"48,399"
26,049,MI,"41,393"
26,051,MI,"35,049"
26,053,MI,"33,679"
26,055,MI,"50,755"
26,057,MI,"42,026"
26,059,MI,"40,363"
26,061,MI,"36,947"
26,063,MI,"41,044"
26,065,MI,"44,979"
26,067,MI,"49,047"
26,069,MI,"36,103"
26,071,MI,"34,698"
26,073,MI,"39,991"
26,075,MI,"45,002"
26,077,MI,"46,445"
26,079,MI,"39,269"
26,081,MI,"51,997"
26,083,MI,"37,229"
26,085,MI,"30,656"
26,087,MI,"53,506"
26,089,MI,"56,335"
26,091,MI,"46,693"
26,093,MI,"71,075"
26,095,MI,"38,284"
26,097,MI,"38,839"
26,099,MI,"52,954"
26,101,MI,"41,258"
26,103,MI,"45,170"
26,105,MI,"40,438"
26,107,MI,"39,764"
26,109,MI,"40,866"
26,111,MI,"53,007"
26,113,MI,"40,226"
26,115,MI,"55,745"
26,117,MI,"40,790"
26,119,MI,"33,742"
26,121,MI,"41,556"
26,123,MI,"43,238"
26,125,MI,"67,281"
26,127,MI,"43,134"
26,129,MI,"34,778"
26,131,MI,"33,116"
26,133,MI,"38,407"
26,135,MI,"31,094"
26,137,MI,"47,016"
26,139,MI,"57,994"
26,141,MI,"38,648"
26,143,MI,"31,690"
26,145,MI,"41,510"
26,147,MI,"49,949"
26,149,MI,"43,891"
26,151,MI,"41,502"
26,153,MI,"38,514"
26,155,MI,"43,839"
26,157,MI,"41,441"
26,159,MI,"44,782"
26,161,MI,"59,965"
26,163,MI,"40,485"
26,165,MI,"39,566"
27,000,MN,"60,664"
27,001,MN,"41,784"
27,003,MN,"70,619"
27,005,MN,"49,183"
27,007,MN,"42,364"
27,009,MN,"51,564"
27,011,MN,"44,637"
27,013,MN,"51,283"
27,015,MN,"52,061"
27,017,MN,"52,670"
27,019,MN,"86,759"
27,021,MN,"48,367"
27,023,MN,"55,232"
27,025,MN,"71,397"
27,027,MN,"52,567"
27,029,MN,"44,123"
27,031,MN,"48,124"
27,033,MN,"45,453"
27,035,MN,"48,661"
27,037,MN,"73,833"
27,039,MN,"73,799"
27,041,MN,"52,122"
27,043,MN,"47,191"
27,045,MN,"51,323"
27,047,MN,"47,698"
27,049,MN,"61,428"
27,051,MN,"49,618"
27,053,MN,"64,331"
27,055,MN,"51,160"
27,057,MN,"46,530"
27,059,MN,"58,436"
27,061,MN,"46,834"
27,063,MN,"56,397"
27,065,MN,"46,940"
27,067,MN,"53,290"
27,069,MN,"48,458"
27,071,MN,"44,817"
27,073,MN,"46,805"
27,075,MN,"50,875"
27,077,MN,"42,644"
27,079,MN,"60,190"
27,081,MN,"48,205"
27,083,MN,"51,011"
27,085,MN,"54,971"
27,087,MN,"39,706"
27,089,MN,"53,692"
27,091,MN,"51,118"
27,093,MN,"55,327"
27,095,MN,"48,978"
27,097,MN,"48,716"
27,099,MN,"50,479"
27,101,MN,"53,300"
27,103,MN,"58,620"
27,105,MN,"50,936"
27,107,MN,"45,276"
27,109,MN,"65,829"
27,111,MN,"48,157"
27,113,MN,"47,300"
27,115,MN,"43,026"
27,117,MN,"47,613"
27,119,MN,"52,706"
27,121,MN,"55,404"
27,123,MN,"56,293"
27,125,MN,"45,019"
27,127,MN,"50,453"
27,129,MN,"53,823"
27,131,MN,"58,644"
27,133,MN,"54,045"
27,135,MN,"51,576"
27,137,MN,"46,022"
27,139,MN,"85,481"
27,141,MN,"74,915"
27,143,MN,"56,007"
27,145,MN,"56,705"
27,147,MN,"53,932"
27,149,MN,"56,140"
27,151,MN,"52,083"
27,153,MN,"43,974"
27,155,MN,"50,451"
27,157,MN,"52,617"
27,159,MN,"39,805"
27,161,MN,"53,448"
27,163,MN,"81,052"
27,165,MN,"48,064"
27,167,MN,"52,849"
27,169,MN,"49,636"
27,171,MN,"71,999"
27,173,MN,"50,311"
28,000,MS,"38,191"
28,001,MS,"31,385"
28,003,MS,"33,467"
28,005,MS,"33,571"
28,007,MS,"31,644"
28,009,MS,"30,198"
28,011,MS,"29,622"
28,013,MS,"32,656"
28,015,MS,"37,283"
28,017,MS,"32,525"
28,019,MS,"32,922"
28,021,MS,"25,438"
28,023,MS,"34,141"
28,025,MS,"30,935"
28,027,MS,"27,500"
28,029,MS,"32,060"
28,031,MS,"32,999"
28,033,MS,"59,043"
28,035,MS,"34,391"
28,037,MS,"35,963"
28,039,MS,"43,597"
28,041,MS,"38,192"
28,043,MS,"31,703"
28,045,MS,"43,870"
28,047,MS,"41,657"
28,049,MS,"34,826"
28,051,MS,"22,674"
28,053,MS,"22,599"
28,055,MS,"31,254"
28,057,MS,"39,927"
28,059,MS,"47,813"
28,061,MS,"33,606"
28,063,MS,"26,401"
28,065,MS,"27,754"
28,067,MS,"36,204"
28,069,MS,"30,849"
28,071,MS,"40,749"
28,073,MS,"51,337"
28,075,MS,"35,038"
28,077,MS,"36,317"
28,079,MS,"34,099"
28,081,MS,"43,221"
28,083,MS,"24,704"
28,085,MS,"33,632"
28,087,MS,"38,839"
28,089,MS,"64,657"
28,091,MS,"32,628"
28,093,MS,"36,728"
28,095,MS,"36,264"
28,097,MS,"30,128"
28,099,MS,"34,719"
28,101,MS,"36,904"
28,103,MS,"26,459"
28,105,MS,"33,594"
28,107,MS,"33,129"
28,109,MS,"41,706"
28,111,MS,"34,771"
28,113,MS,"30,835"
28,115,MS,"40,245"
28,117,MS,"34,219"
28,119,MS,"26,100"
28,121,MS,"55,838"
28,123,MS,"31,850"
28,125,MS,"27,380"
28,127,MS,"35,039"
28,129,MS,"36,581"
28,131,MS,"40,294"
28,133,MS,"28,562"
28,135,MS,"29,780"
28,137,MS,"40,624"
28,139,MS,"35,908"
28,141,MS,"35,891"
28,143,MS,"30,033"
28,145,MS,"40,148"
28,147,MS,"30,289"
28,149,MS,"41,883"
28,151,MS,"28,948"
28,153,MS,"31,688"
28,155,MS,"34,930"
28,157,MS,"26,373"
28,159,MS,"30,961"
28,161,MS,"32,660"
28,163,MS,"28,757"
29,000,MO,"46,905"
29,001,MO,"35,282"
29,003,MO,"54,185"
29,005,MO,"43,215"
29,007,MO,"41,164"
29,009,MO,"36,573"
29,011,MO,"37,723"
29,013,MO,"38,586"
29,015,MO,"32,563"
29,017,MO,"37,627"
29,019,MO,"49,118"
29,021,MO,"43,461"
29,023,MO,"35,381"
29,025,MO,"41,546"
29,027,MO,"45,573"
29,029,MO,"41,314"
29,031,MO,"44,248"
29,033,MO,"41,279"
29,035,MO,"30,017"
29,037,MO,"63,031"
29,039,MO,"30,816"
29,041,MO,"40,352"
29,043,MO,"51,394"
29,045,MO,"39,712"
29,047,MO,"60,641"
29,049,MO,"52,461"
29,051,MO,"52,023"
29,053,MO,"44,397"
29,055,MO,"37,299"
29,057,MO,"36,720"
29,059,MO,"37,540"
29,061,MO,"38,332"
29,063,MO,"44,286"
29,065,MO,"34,761"
29,067,MO,"31,289"
29,069,MO,"32,050"
29,071,MO,"51,138"
29,073,MO,"41,270"
29,075,MO,"39,265"
29,077,MO,"38,525"
29,079,MO,"37,172"
29,081,MO,"36,229"
29,083,MO,"39,666"
29,085,MO,"30,040"
29,087,MO,"41,213"
29,089,MO,"41,356"
29,091,MO,"31,665"
29,093,MO,"32,994"
29,095,MO,"46,802"
29,097,MO,"40,530"
29,099,MO,"55,305"
29,101,MO,"45,011"
29,103,MO,"34,894"
29,105,MO,"36,632"
29,107,MO,"46,878"
29,109,MO,"38,724"
29,111,MO,"41,187"
29,113,MO,"54,144"
29,115,MO,"37,773"
29,117,MO,"38,839"
29,119,MO,"35,915"
29,121,MO,"38,110"
29,123,MO,"33,631"
29,125,MO,"40,404"
29,127,MO,"40,981"
29,129,MO,"38,726"
29,131,MO,"36,552"
29,133,MO,"31,421"
29,135,MO,"46,123"
29,137,MO,"38,940"
29,139,MO,"39,750"
29,141,MO,"32,761"
29,143,MO,"34,927"
29,145,MO,"41,440"
29,147,MO,"41,952"
29,149,MO,"29,464"
29,151,MO,"48,990"
29,153,MO,"30,799"
29,155,MO,"28,664"
29,157,MO,"53,798"
29,159,MO,"39,527"
29,161,MO,"38,930"
29,163,MO,"39,499"
29,165,MO,"68,411"
29,167,MO,"38,023"
29,169,MO,"49,499"
29,171,MO,"34,106"
29,173,MO,"49,393"
29,175,MO,"38,988"
29,177,MO,"52,430"
29,179,MO,"32,089"
29,181,MO,"30,843"
29,183,MO,"70,468"
29,185,MO,"30,612"
29,186,MO,"48,266"
29,187,MO,"37,696"
29,189,MO,"59,284"
29,195,MO,"38,230"
29,197,MO,"36,029"
29,199,MO,"36,511"
29,201,MO,"40,441"
29,203,MO,"26,538"
29,205,MO,"40,420"
29,207,MO,"37,689"
29,209,MO,"39,018"
29,211,MO,"37,039"
29,213,MO,"34,860"
29,215,MO,"34,266"
29,217,MO,"35,090"
29,219,MO,"52,517"
29,221,MO,"33,491"
29,223,MO,"31,208"
29,225,MO,"44,069"
29,227,MO,"37,832"
29,229,MO,"29,605"
29,510,MO,"34,346"
30,000,MT,"46,893"
30,001,MT,"40,054"
30,003,MT,"38,026"
30,005,MT,"35,215"
30,007,MT,"46,246"
30,009,MT,"46,413"
30,011,MT,"39,017"
30,013,MT,"43,674"
30,015,MT,"41,177"
30,017,MT,"43,958"
30,019,MT,"51,400"
30,021,MT,"50,650"
30,023,MT,"37,542"
30,025,MT,"59,083"
30,027,MT,"41,111"
30,029,MT,"46,885"
30,031,MT,"56,680"
30,033,MT,"38,663"
30,035,MT,"33,648"
30,037,MT,"36,747"
30,039,MT,"41,391"
30,041,MT,"43,244"
30,043,MT,"59,001"
30,045,MT,"41,731"
30,047,MT,"39,219"
30,049,MT,"53,982"
30,051,MT,"39,073"
30,053,MT,"34,926"
30,055,MT,"41,918"
30,057,MT,"44,046"
30,059,MT,"35,694"
30,061,MT,"36,169"
30,063,MT,"45,895"
30,065,MT,"39,403"
30,067,MT,"42,439"
30,069,MT,"37,276"
30,071,MT,"40,202"
30,073,MT,"40,694"
30,075,MT,"43,107"
30,077,MT,"39,820"
30,079,MT,"41,843"
30,081,MT,"39,487"
30,083,MT,"64,171"
30,085,MT,"34,291"
30,087,MT,"50,597"
30,089,MT,"34,847"
30,091,MT,"50,292"
30,093,MT,"40,691"
30,095,MT,"58,109"
30,097,MT,"43,146"
30,099,MT,"43,828"
30,101,MT,"44,252"
30,103,MT,"48,282"
30,105,MT,"45,747"
30,107,MT,"32,519"
30,109,MT,"43,722"
30,111,MT,"52,079"
31,000,NE,"51,502"
31,001,NE,"52,267"
31,003,NE,"48,814"
31,005,NE,"39,874"
31,007,NE,"46,769"
31,009,NE,"38,323"
31,011,NE,"50,156"
31,013,NE,"54,120"
31,015,NE,"39,838"
31,017,NE,"39,861"
31,019,NE,"52,333"
31,021,NE,"47,749"
31,023,NE,"46,211"
31,025,NE,"63,738"
31,027,NE,"56,300"
31,029,NE,"52,924"
31,031,NE,"43,229"
31,033,NE,"53,430"
31,035,NE,"50,587"
31,037,NE,"51,103"
31,039,NE,"50,252"
31,041,NE,"44,608"
31,043,NE,"45,631"
31,045,NE,"39,507"
31,047,NE,"44,976"
31,049,NE,"48,523"
31,051,NE,"47,637"
31,053,NE,"48,671"
31,055,NE,"51,959"
31,057,NE,"47,098"
31,059,NE,"52,606"
31,061,NE,"44,871"
31,063,NE,"48,258"
31,065,NE,"41,446"
31,067,NE,"45,212"
31,069,NE,"38,837"
31,071,NE,"40,758"
31,073,NE,"58,357"
31,075,NE,"44,778"
31,077,NE,"42,743"
31,079,NE,"49,750"
31,081,NE,"54,663"
31,083,NE,"45,806"
31,085,NE,"51,101"
31,087,NE,"40,217"
31,089,NE,"44,518"
31,091,NE,"39,377"
31,093,NE,"49,496"
31,095,NE,"46,252"
31,097,NE,"46,456"
31,099,NE,"57,823"
31,101,NE,"42,851"
31,103,NE,"41,491"
31,105,NE,"45,023"
31,107,NE,"41,066"
31,109,NE,"52,275"
31,111,NE,"52,395"
31,113,NE,"48,688"
31,115,NE,"41,192"
31,117,NE,"40,834"
31,119,NE,"45,738"
31,121,NE,"50,317"
31,123,NE,"47,296"
31,125,NE,"45,091"
31,127,NE,"48,892"
31,129,NE,"44,139"
31,131,NE,"52,565"
31,133,NE,"38,735"
31,135,NE,"53,893"
31,137,NE,"53,607"
31,139,NE,"50,807"
31,141,NE,"52,368"
31,143,NE,"56,618"
31,145,NE,"44,826"
31,147,NE,"41,679"
31,149,NE,"40,870"
31,151,NE,"49,047"
31,153,NE,"67,740"
31,155,NE,"61,174"
31,157,NE,"43,406"
31,159,NE,"59,053"
31,161,NE,"38,411"
31,163,NE,"41,224"
31,165,NE,"48,313"
31,167,NE,"54,263"
31,169,NE,"43,938"
31,171,NE,"43,247"
31,173,NE,"38,558"
31,175,NE,"44,105"
31,177,NE,"66,160"
31,179,NE,"49,981"
31,181,NE,"42,305"
31,183,NE,"37,495"
31,185,NE,"56,687"
32,000,NV,"51,250"
32,001,NV,"50,158"
32,003,NV,"51,071"
32,005,NV,"56,613"
32,007,NV,"71,354"
32,009,NV,"41,075"
32,011,NV,"66,592"
32,013,NV,"66,290"
32,015,NV,"69,658"
32,017,NV,"44,366"
32,019,NV,"46,526"
32,021,NV,"40,496"
32,023,NV,"42,998"
32,027,NV,"51,548"
32,029,NV,"59,785"
32,031,NV,"53,565"
32,033,NV,"52,588"
32,510,NV,"47,476"
33,000,NH,"64,064"
33,001,NH,"57,568"
33,003,NH,"50,598"
33,005,NH,"52,246"
33,007,NH,"40,917"
33,009,NH,"55,131"
33,011,NH,"67,162"
33,013,NH,"64,068"
33,015,NH,"74,785"
33,017,NH,"59,290"
33,019,NH,"52,114"
34,000,NJ,"70,224"
34,001,NJ,"51,668"
34,003,NJ,"81,615"
34,005,NJ,"76,868"
34,007,NJ,"57,641"
34,009,NJ,"56,520"
34,011,NJ,"45,850"
34,013,NJ,"53,358"
34,015,NJ,"71,137"
34,017,NJ,"55,699"
34,019,NJ,"107,203"
34,021,NJ,"70,575"
34,023,NJ,"76,515"
34,025,NJ,"83,424"
34,027,NJ,"99,950"
34,029,NJ,"59,888"
34,031,NJ,"57,426"
34,033,NJ,"58,483"
34,035,NJ,"96,947"
34,037,NJ,"85,747"
34,039,NJ,"64,272"
34,041,NJ,"68,011"
35,000,NM,"44,026"
35,001,NM,"48,053"
35,003,NM,"32,644"
35,005,NM,"41,388"
35,006,NM,"36,307"
35,007,NM,"37,152"
35,009,NM,"39,186"
35,011,NM,"33,045"
35,013,NM,"36,831"
35,015,NM,"49,865"
35,017,NM,"39,220"
35,019,NM,"29,924"
35,021,NM,"37,520"
35,023,NM,"32,993"
35,025,NM,"53,556"
35,027,NM,"40,756"
35,028,NM,"110,930"
35,029,NM,"28,040"
35,031,NM,"27,790"
35,033,NM,"29,263"
35,035,NM,"41,960"
35,037,NM,"30,496"
35,039,NM,"36,716"
35,041,NM,"35,322"
35,043,NM,"56,190"
35,045,NM,"44,417"
35,047,NM,"31,222"
35,049,NM,"51,697"
35,051,NM,"29,680"
35,053,NM,"32,090"
35,055,NM,"33,021"
35,057,NM,"35,046"
35,059,NM,"37,902"
35,061,NM,"41,412"
36,000,NY,"57,255"
36,001,NY,"55,778"
36,003,NY,"41,849"
36,005,NY,"33,079"
36,007,NY,"45,142"
36,009,NY,"40,936"
36,011,NY,"48,976"
36,013,NY,"40,468"
36,015,NY,"45,337"
36,017,NY,"44,328"
36,019,NY,"45,900"
36,021,NY,"57,094"
36,023,NY,"46,163"
36,025,NY,"43,380"
36,027,NY,"69,300"
36,029,NY,"51,123"
36,031,NY,"46,337"
36,033,NY,"42,672"
36,035,NY,"42,264"
36,037,NY,"42,641"
36,039,NY,"50,190"
36,041,NY,"45,737"
36,043,NY,"42,460"
36,045,NY,"46,510"
36,047,NY,"47,067"
36,049,NY,"45,926"
36,051,NY,"51,901"
36,053,NY,"51,057"
36,055,NY,"51,722"
36,057,NY,"43,880"
36,059,NY,"95,395"
36,061,NY,"71,443"
36,063,NY,"46,752"
36,065,NY,"44,031"
36,067,NY,"52,055"
36,069,NY,"57,846"
36,071,NY,"68,249"
36,073,NY,"43,876"
36,075,NY,"46,281"
36,077,NY,"47,689"
36,079,NY,"92,014"
36,081,NY,"56,307"
36,083,NY,"56,643"
36,085,NY,"68,621"
36,087,NY,"80,132"
36,089,NY,"43,556"
36,091,NY,"69,917"
36,093,NY,"53,978"
36,095,NY,"49,307"
36,097,NY,"44,080"
36,099,NY,"45,265"
36,101,NY,"46,540"
36,103,NY,"84,940"
36,105,NY,"46,928"
36,107,NY,"51,026"
36,109,NY,"49,457"
36,111,NY,"56,933"
36,113,NY,"52,552"
36,115,NY,"48,522"
36,117,NY,"50,603"
36,119,NY,"83,094"
36,121,NY,"51,676"
36,123,NY,"45,509"
37,000,NC,"45,946"
37,001,NC,"43,001"
37,003,NC,"46,064"
37,005,NC,"37,086"
37,007,NC,"33,443"
37,009,NC,"35,155"
37,011,NC,"34,933"
37,013,NC,"39,043"
37,015,NC,"31,610"
37,017,NC,"33,971"
37,019,NC,"47,799"
37,021,NC,"45,738"
37,023,NC,"36,150"
37,025,NC,"55,046"
37,027,NC,"34,811"
37,029,NC,"60,537"
37,031,NC,"46,227"
37,033,NC,"37,122"
37,035,NC,"43,777"
37,037,NC,"56,981"
37,039,NC,"34,476"
37,041,NC,"39,143"
37,043,NC,"37,078"
37,045,NC,"40,528"
37,047,NC,"35,026"
37,049,NC,"45,022"
37,051,NC,"44,038"
37,053,NC,"57,577"
37,055,NC,"52,083"
37,057,NC,"40,424"
37,059,NC,"49,708"
37,061,NC,"38,106"
37,063,NC,"52,331"
37,065,NC,"33,080"
37,067,NC,"46,163"
37,069,NC,"39,312"
37,071,NC,"42,461"
37,073,NC,"48,194"
37,075,NC,"33,553"
37,077,NC,"48,680"
37,079,NC,"39,481"
37,081,NC,"46,093"
37,083,NC,"32,597"
37,085,NC,"45,257"
37,087,NC,"39,320"
37,089,NC,"44,561"
37,091,NC,"33,616"
37,093,NC,"43,987"
37,095,NC,"36,681"
37,097,NC,"49,983"
37,099,NC,"40,511"
37,101,NC,"50,904"
37,103,NC,"39,602"
37,105,NC,"48,061"
37,107,NC,"34,127"
37,109,NC,"50,537"
37,111,NC,"36,840"
37,113,NC,"37,219"
37,115,NC,"37,479"
37,117,NC,"34,761"
37,119,NC,"54,657"
37,121,NC,"38,303"
37,123,NC,"35,613"
37,125,NC,"50,169"
37,127,NC,"41,575"
37,129,NC,"48,651"
37,131,NC,"31,732"
37,133,NC,"45,213"
37,135,NC,"59,472"
37,137,NC,"43,517"
37,139,NC,"40,094"
37,141,NC,"44,949"
37,143,NC,"42,504"
37,145,NC,"42,091"
37,147,NC,"40,940"
37,149,NC,"43,665"
37,151,NC,"40,896"
37,153,NC,"32,825"
37,155,NC,"30,248"
37,157,NC,"40,446"
37,159,NC,"41,475"
37,161,NC,"35,544"
37,163,NC,"35,890"
37,165,NC,"32,314"
37,167,NC,"42,801"
37,169,NC,"44,552"
37,171,NC,"36,221"
37,173,NC,"34,552"
37,175,NC,"40,578"
37,177,NC,"32,642"
37,179,NC,"63,912"
37,181,NC,"35,565"
37,183,NC,"65,433"
37,185,NC,"33,767"
37,187,NC,"31,596"
37,189,NC,"38,380"
37,191,NC,"41,526"
37,193,NC,"35,895"
37,195,NC,"40,772"
37,197,NC,"40,998"
37,199,NC,"35,866"
38,000,ND,"56,800"
38,001,ND,"44,833"
38,003,ND,"52,035"
38,005,ND,"42,326"
38,007,ND,"74,636"
38,009,ND,"61,279"
38,011,ND,"60,429"
38,013,ND,"60,416"
38,015,ND,"63,503"
38,017,ND,"53,077"
38,019,ND,"53,577"
38,021,ND,"52,414"
38,023,ND,"63,616"
38,025,ND,"69,914"
38,027,ND,"46,875"
38,029,ND,"43,438"
38,031,ND,"55,172"
38,033,ND,"48,103"
38,035,ND,"49,697"
38,037,ND,"45,908"
38,039,ND,"50,570"
38,041,ND,"60,171"
38,043,ND,"47,390"
38,045,ND,"55,388"
38,047,ND,"48,520"
38,049,ND,"49,078"
38,051,ND,"40,540"
38,053,ND,"75,699"
38,055,ND,"53,604"
38,057,ND,"70,150"
38,059,ND,"59,650"
38,061,ND,"65,546"
38,063,ND,"55,915"
38,065,ND,"66,082"
38,067,ND,"53,983"
38,069,ND,"44,585"
38,071,ND,"49,299"
38,073,ND,"58,578"
38,075,ND,"61,533"
38,077,ND,"54,312"
38,079,ND,"34,836"
38,081,ND,"58,672"
38,083,ND,"43,346"
38,085,ND,"34,491"
38,087,ND,"59,852"
38,089,ND,"69,566"
38,091,ND,"65,730"
38,093,ND,"50,941"
38,095,ND,"55,199"
38,097,ND,"57,006"
38,099,ND,"48,301"
38,101,ND,"56,192"
38,103,ND,"54,251"
38,105,ND,"84,237"
39,000,OH,"48,138"
39,001,OH,"37,259"
39,003,OH,"43,274"
39,005,OH,"48,196"
39,007,OH,"40,899"
39,009,OH,"35,783"
39,011,OH,"54,010"
39,013,OH,"39,264"
39,015,OH,"43,050"
39,017,OH,"55,992"
39,019,OH,"44,622"
39,021,OH,"48,516"
39,023,OH,"44,029"
39,025,OH,"61,398"
39,027,OH,"46,541"
39,029,OH,"41,996"
39,031,OH,"39,496"
39,033,OH,"38,421"
39,035,OH,"43,653"
39,037,OH,"43,465"
39,039,OH,"48,971"
39,041,OH,"89,016"
39,043,OH,"46,495"
39,045,OH,"56,697"
39,047,OH,"40,031"
39,049,OH,"51,456"
39,051,OH,"51,454"
39,053,OH,"39,447"
39,055,OH,"69,078"
39,057,OH,"60,093"
39,059,OH,"39,760"
39,061,OH,"47,123"
39,063,OH,"48,729"
39,065,OH,"42,474"
39,067,OH,"40,343"
39,069,OH,"51,105"
39,071,OH,"40,419"
39,073,OH,"42,376"
39,075,OH,"49,118"
39,077,OH,"44,825"
39,079,OH,"37,823"
39,081,OH,"38,074"
39,083,OH,"47,053"
39,085,OH,"55,477"
39,087,OH,"41,137"
39,089,OH,"54,909"
39,091,OH,"50,077"
39,093,OH,"52,762"
39,095,OH,"40,751"
39,097,OH,"54,039"
39,099,OH,"41,076"
39,101,OH,"42,862"
39,103,OH,"66,720"
39,105,OH,"40,023"
39,107,OH,"55,110"
39,109,OH,"51,892"
39,111,OH,"41,000"
39,113,OH,"43,103"
39,115,OH,"36,057"
39,117,OH,"49,980"
39,119,OH,"40,399"
39,121,OH,"42,425"
39,123,OH,"51,787"
39,125,OH,"46,921"
39,127,OH,"41,586"
39,129,OH,"52,666"
39,131,OH,"41,092"
39,133,OH,"52,576"
39,135,OH,"47,251"
39,137,OH,"60,562"
39,139,OH,"40,210"
39,141,OH,"42,730"
39,143,OH,"46,800"
39,145,OH,"36,682"
39,147,OH,"47,121"
39,149,OH,"51,529"
39,151,OH,"45,199"
39,153,OH,"49,353"
39,155,OH,"41,951"
39,157,OH,"44,121"
39,159,OH,"68,650"
39,161,OH,"47,169"
39,163,OH,"37,842"
39,165,OH,"75,041"
39,167,OH,"41,236"
39,169,OH,"49,580"
39,171,OH,"45,510"
39,173,OH,"52,578"
39,175,OH,"46,568"
40,000,OK,"45,724"
40,001,OK,"31,997"
40,003,OK,"50,190"
40,005,OK,"34,973"
40,007,OK,"55,279"
40,009,OK,"49,578"
40,011,OK,"41,276"
40,013,OK,"36,601"
40,015,OK,"37,298"
40,017,OK,"63,889"
40,019,OK,"43,030"
40,021,OK,"36,643"
40,023,OK,"30,972"
40,025,OK,"39,617"
40,027,OK,"54,865"
40,029,OK,"35,538"
40,031,OK,"42,733"
40,033,OK,"40,608"
40,035,OK,"36,932"
40,037,OK,"44,608"
40,039,OK,"47,399"
40,041,OK,"36,225"
40,043,OK,"49,308"
40,045,OK,"49,804"
40,047,OK,"47,961"
40,049,OK,"38,414"
40,051,OK,"48,671"
40,053,OK,"51,119"
40,055,OK,"34,806"
40,057,OK,"31,707"
40,059,OK,"45,395"
40,061,OK,"35,045"
40,063,OK,"34,656"
40,065,OK,"41,147"
40,067,OK,"31,916"
40,069,OK,"35,171"
40,071,OK,"41,098"
40,073,OK,"54,982"
40,075,OK,"34,611"
40,077,OK,"36,177"
40,079,OK,"35,122"
40,081,OK,"42,378"
40,083,OK,"57,490"
40,085,OK,"46,154"
40,087,OK,"57,784"
40,089,OK,"31,319"
40,091,OK,"38,094"
40,093,OK,"52,226"
40,095,OK,"38,055"
40,097,OK,"41,142"
40,099,OK,"49,816"
40,101,OK,"38,574"
40,103,OK,"47,028"
40,105,OK,"40,563"
40,107,OK,"34,982"
40,109,OK,"45,988"
40,111,OK,"36,588"
40,113,OK,"49,999"
40,115,OK,"35,921"
40,117,OK,"42,967"
40,119,OK,"39,609"
40,121,OK,"41,105"
40,123,OK,"40,479"
40,125,OK,"44,405"
40,127,OK,"32,352"
40,129,OK,"53,962"
40,131,OK,"55,865"
40,133,OK,"34,731"
40,135,OK,"33,912"
40,137,OK,"45,607"
40,139,OK,"46,914"
40,141,OK,"35,054"
40,143,OK,"48,082"
40,145,OK,"53,098"
40,147,OK,"46,836"
40,149,OK,"46,742"
40,151,OK,"48,583"
40,153,OK,"54,158"
41,000,OR,"50,228"
41,001,OR,"42,200"
41,003,OR,"50,714"
41,005,OR,"66,514"
41,007,OR,"43,048"
41,009,OR,"55,222"
41,011,OR,"37,583"
41,013,OR,"43,343"
41,015,OR,"37,175"
41,017,OR,"49,427"
41,019,OR,"40,243"
41,021,OR,"50,027"
41,023,OR,"40,569"
41,025,OR,"37,041"
41,027,OR,"50,891"
41,029,OR,"43,393"
41,031,OR,"41,107"
41,033,OR,"37,619"
41,035,OR,"37,542"
41,037,OR,"37,856"
41,039,OR,"43,778"
41,041,OR,"39,801"
41,043,OR,"44,941"
41,045,OR,"34,565"
41,047,OR,"46,919"
41,049,OR,"51,289"
41,051,OR,"53,624"
41,053,OR,"51,224"
41,055,OR,"52,679"
41,057,OR,"41,584"
41,059,OR,"47,053"
41,061,OR,"41,331"
41,063,OR,"42,751"
41,065,OR,"42,461"
41,067,OR,"63,632"
41,069,OR,"33,065"
41,071,OR,"57,427"
42,000,PA,"52,005"
42,001,PA,"57,725"
42,003,PA,"51,400"
42,005,PA,"42,927"
42,007,PA,"49,215"
42,009,PA,"48,003"
42,011,PA,"55,634"
42,013,PA,"41,756"
42,015,PA,"49,117"
42,017,PA,"73,662"
42,019,PA,"58,430"
42,021,PA,"40,930"
42,023,PA,"37,891"
42,025,PA,"44,338"
42,027,PA,"52,559"
42,029,PA,"83,775"
42,031,PA,"40,043"
42,033,PA,"39,912"
42,035,PA,"44,887"
42,037,PA,"45,564"
42,039,PA,"43,793"
42,041,PA,"60,134"
42,043,PA,"53,480"
42,045,PA,"64,186"
42,047,PA,"46,388"
42,049,PA,"44,223"
42,051,PA,"37,929"
42,053,PA,"38,087"
42,055,PA,"53,913"
42,057,PA,"46,032"
42,059,PA,"45,156"
42,061,PA,"42,479"
42,063,PA,"44,504"
42,065,PA,"41,637"
42,067,PA,"46,183"
42,069,PA,"44,926"
42,071,PA,"56,766"
42,073,PA,"43,199"
42,075,PA,"54,952"
42,077,PA,"53,722"
42,079,PA,"44,734"
42,081,PA,"46,663"
42,083,PA,"41,653"
42,085,PA,"43,936"
42,087,PA,"42,567"
42,089,PA,"55,273"
42,091,PA,"77,021"
42,093,PA,"53,329"
42,095,PA,"59,605"
42,097,PA,"41,078"
42,099,PA,"56,544"
42,101,PA,"36,918"
42,103,PA,"60,168"
42,105,PA,"39,781"
42,107,PA,"41,514"
42,109,PA,"45,558"
42,111,PA,"42,712"
42,113,PA,"41,668"
42,115,PA,"49,244"
42,117,PA,"45,052"
42,119,PA,"49,488"
42,121,PA,"41,736"
42,123,PA,"42,043"
42,125,PA,"54,919"
42,127,PA,"45,807"
42,129,PA,"51,412"
42,131,PA,"47,012"
42,133,PA,"56,963"
44,000,RI,"55,015"
44,001,RI,"68,415"
44,003,RI,"63,232"
44,005,RI,"67,291"
44,007,RI,"47,642"
44,009,RI,"69,267"
45,000,SC,"44,310"
45,001,SC,"36,187"
45,003,SC,"43,876"
45,005,SC,"25,753"
45,007,SC,"41,591"
45,009,SC,"30,762"
45,011,SC,"31,899"
45,013,SC,"56,354"
45,015,SC,"50,794"
45,017,SC,"40,593"
45,019,SC,"51,206"
45,021,SC,"37,726"
45,023,SC,"36,523"
45,025,SC,"33,591"
45,027,SC,"30,096"
45,029,SC,"33,817"
45,031,SC,"34,209"
45,033,SC,"33,696"
45,035,SC,"55,193"
45,037,SC,"44,862"
45,039,SC,"35,531"
45,041,SC,"41,028"
45,043,SC,"41,213"
45,045,SC,"49,476"
45,047,SC,"37,217"
45,049,SC,"32,941"
45,051,SC,"41,808"
45,053,SC,"34,852"
45,055,SC,"44,787"
45,057,SC,"40,837"
45,059,SC,"36,771"
45,061,SC,"30,972"
45,063,SC,"53,880"
45,065,SC,"38,186"
45,067,SC,"28,520"
45,069,SC,"31,185"
45,071,SC,"37,890"
45,073,SC,"42,077"
45,075,SC,"32,180"
45,077,SC,"42,400"
45,079,SC,"47,492"
45,081,SC,"40,366"
45,083,SC,"42,638"
45,085,SC,"39,182"
45,087,SC,"34,042"
45,089,SC,"29,391"
45,091,SC,"54,927"
46,000,SD,"49,200"
46,003,SD,"46,493"
46,005,SD,"43,682"
46,007,SD,"35,083"
46,009,SD,"45,803"
46,011,SD,"51,893"
46,013,SD,"50,047"
46,015,SD,"45,878"
46,017,SD,"21,572"
46,019,SD,"41,413"
46,021,SD,"47,579"
46,023,SD,"37,996"
46,025,SD,"45,592"
46,027,SD,"41,970"
46,029,SD,"49,022"
46,031,SD,"31,418"
46,033,SD,"51,326"
46,035,SD,"47,506"
46,037,SD,"44,188"
46,039,SD,"52,527"
46,041,SD,"34,389"
46,043,SD,"48,344"
46,045,SD,"51,352"
46,047,SD,"39,552"
46,049,SD,"50,092"
46,051,SD,"51,065"
46,053,SD,"35,589"
46,055,SD,"45,456"
46,057,SD,"56,860"
46,059,SD,"50,737"
46,061,SD,"57,800"
46,063,SD,"43,860"
46,065,SD,"57,538"
46,067,SD,"44,958"
46,069,SD,"47,072"
46,071,SD,"35,387"
46,073,SD,"48,126"
46,075,SD,"45,095"
46,077,SD,"50,045"
46,079,SD,"53,116"
46,081,SD,"42,867"
46,083,SD,"78,567"
46,085,SD,"40,057"
46,087,SD,"53,478"
46,089,SD,"38,222"
46,091,SD,"49,254"
46,093,SD,"50,711"
46,095,SD,"33,460"
46,097,SD,"45,787"
46,099,SD,"52,382"
46,101,SD,"53,712"
46,103,SD,"48,886"
46,105,SD,"40,042"
46,107,SD,"50,887"
46,109,SD,"44,626"
46,111,SD,"46,936"
46,113,SD,"28,512"
46,115,SD,"50,274"
46,117,SD,"57,188"
46,119,SD,"57,620"
46,121,SD,"30,549"
46,123,SD,"40,975"
46,125,SD,"53,115"
46,127,SD,"66,831"
46,129,SD,"41,030"
46,135,SD,"46,599"
46,137,SD,"30,465"
47,000,TN,"44,268"
47,001,TN,"42,365"
47,003,TN,"42,288"
47,005,TN,"35,559"
47,007,TN,"35,715"
47,009,TN,"45,348"
47,011,TN,"42,665"
47,013,TN,"32,325"
47,015,TN,"40,809"
47,017,TN,"35,929"
47,019,TN,"32,773"
47,021,TN,"52,544"
47,023,TN,"40,779"
47,025,TN,"32,775"
47,027,TN,"30,587"
47,029,TN,"30,950"
47,031,TN,"43,375"
47,033,TN,"37,085"
47,035,TN,"36,163"
47,037,TN,"47,239"
47,039,TN,"36,213"
47,041,TN,"37,392"
47,043,TN,"44,991"
47,045,TN,"40,158"
47,047,TN,"56,058"
47,049,TN,"31,065"
47,051,TN,"41,477"
47,053,TN,"40,083"
47,055,TN,"39,880"
47,057,TN,"35,301"
47,059,TN,"35,980"
47,061,TN,"26,101"
47,063,TN,"38,807"
47,065,TN,"47,373"
47,067,TN,"26,000"
47,069,TN,"34,766"
47,071,TN,"36,154"
47,073,TN,"36,102"
47,075,TN,"34,557"
47,077,TN,"40,960"
47,079,TN,"37,327"
47,081,TN,"33,816"
47,083,TN,"37,743"
47,085,TN,"41,954"
47,087,TN,"33,158"
47,089,TN,"40,490"
47,091,TN,"30,652"
47,093,TN,"49,105"
47,095,TN,"28,391"
47,097,TN,"32,169"
47,099,TN,"39,532"
47,101,TN,"35,097"
47,103,TN,"41,453"
47,105,TN,"53,230"
47,107,TN,"40,543"
47,109,TN,"34,596"
47,111,TN,"35,432"
47,113,TN,"40,750"
47,115,TN,"42,128"
47,117,TN,"42,363"
47,119,TN,"46,497"
47,121,TN,"37,874"
47,123,TN,"38,061"
47,125,TN,"51,059"
47,127,TN,"50,802"
47,129,TN,"38,027"
47,131,TN,"34,469"
47,133,TN,"35,457"
47,135,TN,"33,017"
47,137,TN,"32,398"
47,139,TN,"37,375"
47,141,TN,"35,554"
47,143,TN,"38,860"
47,145,TN,"42,037"
47,147,TN,"51,093"
47,149,TN,"57,056"
47,151,TN,"27,749"
47,153,TN,"46,460"
47,155,TN,"40,444"
47,157,TN,"45,067"
47,159,TN,"43,689"
47,161,TN,"43,513"
47,163,TN,"40,385"
47,165,TN,"56,077"
47,167,TN,"53,183"
47,169,TN,"41,286"
47,171,TN,"36,568"
47,173,TN,"35,255"
47,175,TN,"37,393"
47,177,TN,"36,327"
47,179,TN,"41,542"
47,181,TN,"33,318"
47,183,TN,"34,809"
47,185,TN,"34,320"
47,187,TN,"93,241"
47,189,TN,"59,655"
48,000,TX,"51,714"
48,001,TX,"41,279"
48,003,TX,"62,781"
48,005,TX,"41,804"
48,007,TX,"41,666"
48,009,TX,"56,805"
48,011,TX,"52,122"
48,013,TX,"46,631"
48,015,TX,"52,042"
48,017,TX,"37,626"
48,019,TX,"50,334"
48,021,TX,"50,151"
48,023,TX,"34,563"
48,025,TX,"41,804"
48,027,TX,"50,223"
48,029,TX,"49,655"
48,031,TX,"54,914"
48,033,TX,"60,443"
48,035,TX,"42,864"
48,037,TX,"41,657"
48,039,TX,"66,337"
48,041,TX,"39,732"
48,043,TX,"39,106"
48,045,TX,"40,235"
48,047,TX,"27,644"
48,049,TX,"38,636"
48,051,TX,"45,732"
48,053,TX,"49,286"
48,055,TX,"46,021"
48,057,TX,"51,004"
48,059,TX,"42,138"
48,061,TX,"33,905"
48,063,TX,"37,941"
48,065,TX,"59,252"
48,067,TX,"37,546"
48,069,TX,"40,689"
48,071,TX,"74,915"
48,073,TX,"37,735"
48,075,TX,"33,919"
48,077,TX,"50,336"
48,079,TX,"37,242"
48,081,TX,"38,866"
48,083,TX,"33,014"
48,085,TX,"81,315"
48,087,TX,"35,389"
48,089,TX,"42,438"
48,091,TX,"70,322"
48,093,TX,"35,434"
48,095,TX,"39,035"
48,097,TX,"53,565"
48,099,TX,"50,161"
48,101,TX,"32,292"
48,103,TX,"58,901"
48,105,TX,"50,243"
48,107,TX,"35,443"
48,109,TX,"32,945"
48,111,TX,"42,378"
48,113,TX,"47,902"
48,115,TX,"38,333"
48,117,TX,"37,991"
48,119,TX,"37,985"
48,121,TX,"75,099"
48,123,TX,"45,937"
48,125,TX,"35,491"
48,127,TX,"35,801"
48,129,TX,"34,861"
48,131,TX,"35,118"
48,133,TX,"39,959"
48,135,TX,"53,752"
48,137,TX,"35,339"
48,139,TX,"59,257"
48,141,TX,"39,748"
48,143,TX,"40,346"
48,145,TX,"34,376"
48,147,TX,"42,392"
48,149,TX,"50,938"
48,151,TX,"40,691"
48,153,TX,"36,534"
48,155,TX,"33,484"
48,157,TX,"87,901"
48,159,TX,"41,497"
48,161,TX,"44,408"
48,163,TX,"35,405"
48,165,TX,"49,661"
48,167,TX,"60,210"
48,169,TX,"47,134"
48,171,TX,"50,443"
48,173,TX,"65,789"
48,175,TX,"48,458"
48,177,TX,"37,051"
48,179,TX,"48,623"
48,181,TX,"44,596"
48,183,TX,"46,501"
48,185,TX,"44,486"
48,187,TX,"59,288"
48,189,TX,"39,209"
48,191,TX,"30,380"
48,193,TX,"39,448"
48,195,TX,"52,207"
48,197,TX,"36,726"
48,199,TX,"52,037"
48,201,TX,"52,533"
48,203,TX,"43,777"
48,205,TX,"64,558"
48,207,TX,"34,473"
48,209,TX,"59,260"
48,211,TX,"69,124"
48,213,TX,"39,069"
48,215,TX,"34,607"
48,217,TX,"40,253"
48,219,TX,"50,047"
48,221,TX,"59,053"
48,223,TX,"41,863"
48,225,TX,"34,777"
48,227,TX,"46,636"
48,229,TX,"31,354"
48,231,TX,"44,361"
48,233,TX,"50,060"
48,235,TX,"58,826"
48,237,TX,"50,168"
48,239,TX,"48,338"
48,241,TX,"39,414"
48,243,TX,"44,234"
48,245,TX,"42,099"
48,247,TX,"35,854"
48,249,TX,"41,249"
48,251,TX,"55,960"
48,253,TX,"40,621"
48,255,TX,"43,413"
48,257,TX,"61,004"
48,259,TX,"75,860"
48,261,TX,"38,088"
48,263,TX,"41,038"
48,265,TX,"42,456"
48,267,TX,"38,019"
48,269,TX,"56,680"
48,271,TX,"41,271"
48,273,TX,"39,261"
48,275,TX,"34,419"
48,277,TX,"37,593"
48,279,TX,"36,717"
48,281,TX,"48,746"
48,283,TX,"35,491"
48,285,TX,"43,827"
48,287,TX,"52,088"
48,289,TX,"43,617"
48,291,TX,"46,176"
48,293,TX,"36,537"
48,295,TX,"56,484"
48,297,TX,"49,726"
48,299,TX,"45,669"
48,301,TX,"44,407"
48,303,TX,"46,223"
48,305,TX,"37,678"
48,307,TX,"38,408"
48,309,TX,"41,066"
48,311,TX,"56,686"
48,313,TX,"37,460"
48,315,TX,"36,090"
48,317,TX,"50,004"
48,319,TX,"42,087"
48,321,TX,"42,036"
48,323,TX,"32,073"
48,325,TX,"53,714"
48,327,TX,"31,390"
48,329,TX,"71,151"
48,331,TX,"40,120"
48,333,TX,"40,318"
48,335,TX,"47,677"
48,337,TX,"41,516"
48,339,TX,"69,317"
48,341,TX,"46,991"
48,343,TX,"36,366"
48,345,TX,"37,159"
48,347,TX,"36,775"
48,349,TX,"38,423"
48,351,TX,"38,544"
48,353,TX,"35,846"
48,355,TX,"48,324"
48,357,TX,"60,650"
48,359,TX,"52,431"
48,361,TX,"51,340"
48,363,TX,"39,660"
48,365,TX,"49,792"
48,367,TX,"61,199"
48,369,TX,"41,784"
48,371,TX,"43,766"
48,373,TX,"39,833"
48,375,TX,"37,366"
48,377,TX,"32,766"
48,379,TX,"42,183"
48,381,TX,"60,439"
48,383,TX,"61,724"
48,385,TX,"34,556"
48,387,TX,"31,409"
48,389,TX,"37,053"
48,391,TX,"45,214"
48,393,TX,"70,127"
48,395,TX,"40,631"
48,397,TX,"92,466"
48,399,TX,"36,769"
48,401,TX,"44,349"
48,403,TX,"37,576"
48,405,TX,"32,140"
48,407,TX,"42,320"
48,409,TX,"46,781"
48,411,TX,"36,030"
48,413,TX,"50,402"
48,415,TX,"53,219"
48,417,TX,"51,116"
48,419,TX,"36,565"
48,421,TX,"48,054"
48,423,TX,"47,711"
48,425,TX,"56,282"
48,427,TX,"25,408"
48,429,TX,"43,779"
48,431,TX,"57,266"
48,433,TX,"42,158"
48,435,TX,"59,098"
48,437,TX,"35,601"
48,439,TX,"56,906"
48,441,TX,"44,081"
48,443,TX,"36,712"
48,445,TX,"37,489"
48,447,TX,"41,582"
48,449,TX,"40,501"
48,451,TX,"45,405"
48,453,TX,"60,372"
48,455,TX,"33,447"
48,457,TX,"40,986"
48,459,TX,"46,489"
48,461,TX,"54,549"
48,463,TX,"35,813"
48,465,TX,"38,645"
48,467,TX,"43,220"
48,469,TX,"51,544"
48,471,TX,"40,092"
48,473,TX,"49,326"
48,475,TX,"51,026"
48,477,TX,"49,472"
48,479,TX,"38,652"
48,481,TX,"42,862"
48,483,TX,"51,922"
48,485,TX,"43,473"
48,487,TX,"37,840"
48,489,TX,"28,945"
48,491,TX,"71,252"
48,493,TX,"60,844"
48,495,TX,"54,294"
48,497,TX,"58,392"
48,499,TX,"45,763"
48,501,TX,"57,995"
48,503,TX,"44,372"
48,505,TX,"34,506"
48,507,TX,"25,291"
49,000,UT,"59,715"
49,001,UT,"46,138"
49,003,UT,"60,372"
49,005,UT,"49,556"
49,007,UT,"44,594"
49,009,UT,"53,080"
49,011,UT,"70,456"
49,013,UT,"61,386"
49,015,UT,"52,070"
49,017,UT,"43,798"
49,019,UT,"42,368"
49,021,UT,"43,439"
49,023,UT,"51,942"
49,025,UT,"46,350"
49,027,UT,"51,424"
49,029,UT,"83,496"
49,031,UT,"37,897"
49,033,UT,"54,640"
49,035,UT,"61,716"
49,037,UT,"40,327"
49,039,UT,"45,338"
49,041,UT,"49,877"
49,043,UT,"81,907"
49,045,UT,"59,400"
49,047,UT,"62,028"
49,049,UT,"60,069"
49,051,UT,"64,423"
49,053,UT,"50,378"
49,055,UT,"38,945"
49,057,UT,"54,055"
50,000,VT,"52,511"
50,001,VT,"54,683"
50,003,VT,"48,290"
50,005,VT,"43,011"
50,007,VT,"62,618"
50,009,VT,"36,140"
50,011,VT,"55,912"
50,013,VT,"57,559"
50,015,VT,"46,742"
50,017,VT,"51,348"
50,019,VT,"40,522"
50,021,VT,"45,757"
50,023,VT,"52,619"
50,025,VT,"46,642"
50,027,VT,"51,218"
51,000,VA,"62,745"
51,001,VA,"38,064"
51,003,VA,"70,032"
51,005,VA,"44,983"
51,007,VA,"52,055"
51,009,VA,"47,268"
51,011,VA,"44,062"
51,013,VA,"101,533"
51,015,VA,"54,834"
51,017,VA,"42,951"
51,019,VA,"56,888"
51,021,VA,"41,939"
51,023,VA,"61,005"
51,025,VA,"37,800"
51,027,VA,"31,621"
51,029,VA,"39,538"
51,031,VA,"47,982"
51,033,VA,"55,760"
51,035,VA,"36,218"
51,036,VA,"48,394"
51,037,VA,"35,715"
51,041,VA,"67,454"
51,043,VA,"74,384"
51,045,VA,"45,527"
51,047,VA,"63,876"
51,049,VA,"41,799"
51,051,VA,"33,386"
51,053,VA,"51,864"
51,057,VA,"44,427"
51,059,VA,"110,658"
51,061,VA,"82,705"
51,063,VA,"41,652"
51,065,VA,"63,117"
51,067,VA,"48,070"
51,069,VA,"68,166"
51,071,VA,"43,504"
51,073,VA,"58,824"
51,075,VA,"76,843"
51,077,VA,"33,302"
51,079,VA,"59,730"
51,081,VA,"38,036"
51,083,VA,"35,553"
51,085,VA,"77,316"
51,087,VA,"60,050"
51,089,VA,"36,066"
51,091,VA,"38,314"
51,093,VA,"62,495"
51,095,VA,"75,806"
51,097,VA,"44,697"
51,099,VA,"78,180"
51,101,VA,"61,183"
51,103,VA,"46,578"
51,105,VA,"32,092"
51,107,VA,"117,680"
51,109,VA,"53,170"
51,111,VA,"37,712"
51,113,VA,"51,805"
51,115,VA,"55,128"
51,117,VA,"38,439"
51,119,VA,"47,399"
51,121,VA,"46,024"
51,125,VA,"45,990"
51,127,VA,"72,150"
51,131,VA,"36,211"
51,133,VA,"49,054"
51,135,VA,"34,805"
51,137,VA,"60,829"
51,139,VA,"41,070"
51,141,VA,"34,654"
51,143,VA,"40,608"
51,145,VA,"74,820"
51,147,VA,"39,077"
51,149,VA,"65,625"
51,153,VA,"93,671"
51,155,VA,"43,555"
51,157,VA,"60,945"
51,159,VA,"42,738"
51,161,VA,"57,663"
51,163,VA,"46,882"
51,165,VA,"55,636"
51,167,VA,"36,107"
51,169,VA,"38,336"
51,171,VA,"47,874"
51,173,VA,"37,475"
51,175,VA,"46,547"
51,177,VA,"73,112"
51,179,VA,"93,014"
51,181,VA,"50,554"
51,183,VA,"38,948"
51,185,VA,"38,336"
51,187,VA,"56,291"
51,191,VA,"42,242"
51,193,VA,"45,927"
51,195,VA,"37,490"
51,197,VA,"41,168"
51,199,VA,"78,327"
51,510,VA,"85,562"
51,515,VA,"38,162"
51,520,VA,"35,167"
51,530,VA,"36,915"
51,540,VA,"45,320"
51,550,VA,"66,516"
51,570,VA,"49,715"
51,580,VA,"33,904"
51,590,VA,"30,940"
51,595,VA,"32,676"
51,600,VA,"89,507"
51,610,VA,"117,452"
51,620,VA,"36,326"
51,630,VA,"48,152"
51,640,VA,"33,737"
51,650,VA,"45,293"
51,660,VA,"37,588"
51,670,VA,"39,440"
51,678,VA,"41,521"
51,680,VA,"39,918"
51,683,VA,"70,133"
51,685,VA,"71,742"
51,690,VA,"31,046"
51,700,VA,"47,421"
51,710,VA,"42,949"
51,720,VA,"32,303"
51,730,VA,"32,623"
51,735,VA,"82,815"
51,740,VA,"43,041"
51,750,VA,"34,635"
51,760,VA,"39,249"
51,770,VA,"37,223"
51,775,VA,"47,837"
51,790,VA,"39,712"
51,800,VA,"59,468"
51,810,VA,"62,509"
51,820,VA,"42,434"
51,830,VA,"47,880"
51,840,VA,"43,943"
53,000,WA,"58,431"
53,001,WA,"45,171"
53,003,WA,"42,842"
53,005,WA,"59,264"
53,007,WA,"50,033"
53,009,WA,"46,531"
53,011,WA,"57,886"
53,013,WA,"42,332"
53,015,WA,"48,447"
53,017,WA,"49,293"
53,019,WA,"38,302"
53,021,WA,"52,720"
53,023,WA,"46,157"
53,025,WA,"46,065"
53,027,WA,"41,791"
53,029,WA,"53,306"
53,031,WA,"47,709"
53,033,WA,"71,779"
53,035,WA,"62,516"
53,037,WA,"47,287"
53,039,WA,"47,960"
53,041,WA,"41,325"
53,043,WA,"47,895"
53,045,WA,"46,886"
53,047,WA,"39,014"
53,049,WA,"35,703"
53,051,WA,"44,882"
53,053,WA,"57,619"
53,055,WA,"56,667"
53,057,WA,"52,525"
53,059,WA,"52,967"
53,061,WA,"67,443"
53,063,WA,"47,577"
53,065,WA,"43,675"
53,067,WA,"59,877"
53,069,WA,"46,659"
53,071,WA,"46,294"
53,073,WA,"51,119"
53,075,WA,"42,702"
53,077,WA,"41,918"
54,000,WV,"41,195"
54,001,WV,"35,558"
54,003,WV,"54,010"
54,005,WV,"38,098"
54,007,WV,"35,296"
54,009,WV,"43,719"
54,011,WV,"37,628"
54,013,WV,"31,946"
54,015,WV,"32,640"
54,017,WV,"39,399"
54,019,WV,"33,720"
54,021,WV,"35,344"
54,023,WV,"38,268"
54,025,WV,"37,218"
54,027,WV,"37,444"
54,029,WV,"40,249"
54,031,WV,"36,053"
54,033,WV,"42,197"
54,035,WV,"38,640"
54,037,WV,"64,916"
54,039,WV,"45,858"
54,041,WV,"38,462"
54,043,WV,"35,524"
54,045,WV,"35,773"
54,047,WV,"25,205"
54,049,WV,"41,705"
54,051,WV,"41,583"
54,053,WV,"36,454"
54,055,WV,"34,320"
54,057,WV,"38,320"
54,059,WV,"32,431"
54,061,WV,"47,281"
54,063,WV,"36,787"
54,065,WV,"42,719"
54,067,WV,"38,451"
54,069,WV,"41,009"
54,071,WV,"36,868"
54,073,WV,"43,172"
54,075,WV,"32,199"
54,077,WV,"42,187"
54,079,WV,"56,102"
54,081,WV,"39,998"
54,083,WV,"35,458"
54,085,WV,"38,147"
54,087,WV,"35,982"
54,089,WV,"31,051"
54,091,WV,"38,720"
54,093,WV,"37,591"
54,095,WV,"39,401"
54,097,WV,"37,676"
54,099,WV,"38,676"
54,101,WV,"31,805"
54,103,WV,"39,444"
54,105,WV,"37,132"
54,107,WV,"41,205"
54,109,WV,"34,525"
55,000,WI,"51,474"
55,001,WI,"43,814"
55,003,WI,"37,909"
55,005,WI,"44,086"
55,007,WI,"45,466"
55,009,WI,"51,956"
55,011,WI,"48,418"
55,013,WI,"41,388"
55,015,WI,"66,657"
55,017,WI,"49,491"
55,019,WI,"42,477"
55,021,WI,"57,613"
55,023,WI,"41,598"
55,025,WI,"60,326"
55,027,WI,"51,623"
55,029,WI,"51,761"
55,031,WI,"43,417"
55,033,WI,"50,425"
55,035,WI,"49,345"
55,037,WI,"44,139"
55,039,WI,"54,649"
55,041,WI,"40,153"
55,043,WI,"45,854"
55,045,WI,"55,732"
55,047,WI,"44,184"
55,049,WI,"53,186"
55,051,WI,"37,412"
55,053,WI,"46,442"
55,055,WI,"52,399"
55,057,WI,"45,167"
55,059,WI,"51,929"
55,061,WI,"52,954"
55,063,WI,"51,324"
55,065,WI,"46,422"
55,067,WI,"42,025"
55,069,WI,"47,721"
55,071,WI,"47,835"
55,073,WI,"51,830"
55,075,WI,"41,446"
55,077,WI,"47,760"
55,078,WI,"32,769"
55,079,WI,"42,058"
55,081,WI,"51,411"
55,083,WI,"52,800"
55,085,WI,"46,773"
55,087,WI,"57,124"
55,089,WI,"74,392"
55,091,WI,"50,728"
55,093,WI,"60,824"
55,095,WI,"49,138"
55,097,WI,"51,587"
55,099,WI,"43,004"
55,101,WI,"54,403"
55,103,WI,"43,635"
55,105,WI,"49,157"
55,107,WI,"37,350"
55,109,WI,"69,641"
55,111,WI,"50,923"
55,113,WI,"40,608"
55,115,WI,"45,953"
55,117,WI,"52,106"
55,119,WI,"45,985"
55,121,WI,"50,953"
55,123,WI,"47,063"
55,125,WI,"40,454"
55,127,WI,"52,610"
55,129,WI,"43,588"
55,131,WI,"67,276"
55,133,WI,"75,652"
55,135,WI,"48,056"
55,137,WI,"43,175"
55,139,WI,"50,469"
55,141,WI,"48,723"
56,000,WY,"58,424"
56,001,WY,"42,443"
56,003,WY,"49,052"
56,005,WY,"81,652"
56,007,WY,"54,210"
56,009,WY,"62,438"
56,011,WY,"59,490"
56,013,WY,"51,920"
56,015,WY,"43,311"
56,017,WY,"42,694"
56,019,WY,"51,521"
56,021,WY,"59,712"
56,023,WY,"67,256"
56,025,WY,"57,701"
56,027,WY,"43,994"
56,029,WY,"50,967"
56,031,WY,"48,621"
56,033,WY,"51,628"
56,035,WY,"74,951"
56,037,WY,"72,899"
56,039,WY,"70,201"
56,041,WY,"60,953"
56,043,WY,"50,740"
56,045,WY,"59,314"
